{"navigationBarTitleText":"个人中心","navigationStyle":"custom","usingComponents":{"wd-skeleton":"../../node-modules/wot-design-uni/components/wd-skeleton/wd-skeleton","loading":"../../components/Loading/loading","member-entry":"../../components/MemberEntry/index","add-member-modal":"../../components/AddMemberModal/index","invite-member-modal":"../../components/InviteMemberModal/index","confirm-tip-modal":"../../components/ConfirmTipModal/index","layout-default-uni":"/layouts/default","layout-no-bar-uni":"/layouts/noBar","layout-no-bottom-uni":"/layouts/noBottom"}}